nome_vendedor,valor_venda,comissao
Aline Sutter,6051.99,151.29975
Ana Teixeira,29221.12,730.528
André Pereira,87964.89,2199.12225
Artur Moreira,49944.79,1248.61975
Fernando Zambrini,21225.64,530.641
Josias Silva,50544.17,1263.60425
Maria Fernandes,55997.66,1399.9415000000001
Mateus Gonçalves,36353.69,908.8422500000001
Rodrigo Fagundes,23777.16,594.429
